Workbook

Sheet 工作计划总表
A1: Block套路工作计划总表
A2: 目标：把零散套路清单升级为可执行、可追踪、可验收、可复盘的Block开发计划
A4: 编号 | B4: 工作模块 | C4: 研究场景 | D4: 是否已做Block | E4: 优先级 | F4: 状态 | G4: 当前阶段 | H4: 负责人 | I4: 计划开始 | J4: 计划完成 | K4: 剩余天数 | L4: 进度 | M4: 验收标准 | N4: 风险/卡点 | O4: 复盘备注
A5: B01 | B5: 发病 | C5: 队列/横断面转发病风险 | D5: 是 | E5: P0-最高 | F5: 已完成 | G5: 质量检查 | H5: 徐彤 | K5: =IF(F5="已完成",0,IF(J5="","",J5-TODAY())) -> 0 | L5: =IF(F5="已完成",1,IF(F5="待复盘",0.85,IF(F5="测试中",0.7,IF(F5="开发中",0.45,IF(F5="需求确认",0.15,0))))) -> 1 | M5: 能一键输出HR/OR、置信区间、P值、森林图/结果表；异常字段有提示 | N5: 时间变量、事件定义、删失逻辑容易混乱
A6: B02 | B6: 预后 | C6: 疾病患者结局/生存分析 | D6: 是 | E6: P0-最高 | F6: 未开始 | G6: 需求确认 | H6: 徐彤 | I6: 46196 | J6: 46196 | K6: =IF(F6="已完成",0,IF(J6="","",J6-TODAY())) -> 1 | L6: =IF(F6="已完成",1,IF(F6="待复盘",0.85,IF(F6="测试中",0.7,IF(F6="开发中",0.45,IF(F6="需求确认",0.15,0))))) -> 0 | M6: Kaplan-Meier/Cox结果稳定输出；缺失值与删失规则写入日志 | N6: 结局日期、随访终止日期、死亡/复发等多终点定义需核对
A7: B03 | B7: 预测 | C7: 风险预测模型/评分系统 | D7: 是 | E7: P0-最高 | F7: 未开始 | G7: 需求确认 | H7: 徐彤 | I7: 46197 | J7: 46197 | K7: =IF(F7="已完成",0,IF(J7="","",J7-TODAY())) -> 2 | L7: =IF(F7="已完成",1,IF(F7="待复盘",0.85,IF(F7="测试中",0.7,IF(F7="开发中",0.45,IF(F7="需求确认",0.15,0))))) -> 0 | M7: 自动输出训练/验证指标、变量重要性、校准图、DCA图 | N7: 过拟合、类别不平衡、外部验证缺失
A8: B04 | B8: 环境 | C8: 环境暴露/时空匹配 | D8: 否 | E8: P0-最高 | F8: 未开始 | G8: 需求确认 | H8: 徐彤 | I8: 46195 | J8: 46195 | K8: =IF(F8="已完成",0,IF(J8="","",J8-TODAY())) -> 0 | L8: =IF(F8="已完成",1,IF(F8="待复盘",0.85,IF(F8="测试中",0.7,IF(F8="开发中",0.45,IF(F8="需求确认",0.15,0))))) -> 0 | M8: 完成个体-空间-时间三维匹配；可导出暴露矩阵和质量检查表 | N8: 地址精度、缺失空间坐标、跨尺度匹配误差
A9: B05 | B9: 无监督聚类（单库）加机器学习 | C9: 表型识别/人群分型 | D9: 是 | E9: P0-最高 | F9: 未开始 | G9: 需求确认 | H9: 徐彤 | I9: 46198 | J9: 46198 | K9: =IF(F9="已完成",0,IF(J9="","",J9-TODAY())) -> 3 | L9: =IF(F9="已完成",1,IF(F9="待复盘",0.85,IF(F9="测试中",0.7,IF(F9="开发中",0.45,IF(F9="需求确认",0.15,0))))) -> 0 | M9: 输出最优K建议、轮廓系数、分群特征画像和可视化 | N9: 变量量纲、异常值和缺失值会显著影响分群结果
A10: B06 | B10: 交叉滞后 | C10: 纵向变量相互影响 | D10: 否 | E10: P2-中 | F10: 未开始 | G10: 需求确认 | H10: 徐彤 | J10: 46199 | K10: =IF(F10="已完成",0,IF(J10="","",J10-TODAY())) -> 4 | L10: =IF(F10="已完成",1,IF(F10="待复盘",0.85,IF(F10="测试中",0.7,IF(F10="开发中",0.45,IF(F10="需求确认",0.15,0))))) -> 0 | M10: 输出自回归路径、交叉路径、模型拟合指标和标准化系数 | N10: 样本量、时间点数量、模型收敛问题
A11: B07 | B11: 轨迹（预后） | C11: 患者结局轨迹/疾病进展分型 | D11: 是 | E11: P1-高 | F11: 未开始 | G11: 需求确认 | H11: 徐彤 | J11: 46202 | K11: =IF(F11="已完成",0,IF(J11="","",J11-TODAY())) -> 7 | L11: =IF(F11="已完成",1,IF(F11="待复盘",0.85,IF(F11="测试中",0.7,IF(F11="开发中",0.45,IF(F11="需求确认",0.15,0))))) -> 0 | M11: 能输出轨迹类别、组别特征、轨迹图和结局风险比较 | N11: 时间点不齐、轨迹数过多导致解释困难
A12: B08 | B12: 轨迹（发病） | C12: 暴露变化轨迹与发病风险 | D12: 是 | E12: P1-高 | F12: 未开始 | G12: 需求确认 | H12: 徐彤 | J12: 46203 | K12: =IF(F12="已完成",0,IF(J12="","",J12-TODAY())) -> 8 | L12: =IF(F12="已完成",1,IF(F12="待复盘",0.85,IF(F12="测试中",0.7,IF(F12="开发中",0.45,IF(F12="需求确认",0.15,0))))) -> 0 | M12: 先识别暴露轨迹，再评估不同轨迹组发病风险；输出完整结果表 | N12: 时间顺序必须严格；避免把结局后暴露纳入模型
A13: B09 | B13: 不同用药方案 | C13: 治疗方案比较/用药路径 | D13: 否 | E13: P2-中 | F13: 未开始 | G13: 需求确认 | H13: 徐彤 | J13: 46204 | K13: =IF(F13="已完成",0,IF(J13="","",J13-TODAY())) -> 9 | L13: =IF(F13="已完成",1,IF(F13="待复盘",0.85,IF(F13="测试中",0.7,IF(F13="开发中",0.45,IF(F13="需求确认",0.15,0))))) -> 0 | M13: 能定义方案组、处理基线差异并输出调整后效应量 | N13: 不死时间偏倚、用药依从性、方案切换
A14: B10 | B14: 多病叠加 | C14: 共病模式/疾病负担 | D14: 否 | E14: P2-中 | F14: 未开始 | G14: 需求确认 | H14: 徐彤 | J14: 46205 | K14: =IF(F14="已完成",0,IF(J14="","",J14-TODAY())) -> 10 | L14: =IF(F14="已完成",1,IF(F14="待复盘",0.85,IF(F14="测试中",0.7,IF(F14="开发中",0.45,IF(F14="需求确认",0.15,0))))) -> 0 | M14: 输出共病数量、常见组合、共病网络和分层统计 | N14: ICD编码映射、疾病时间窗口、重复诊断去重
A15: B13 | B15: 双数据库发病加孟德尔随机化 | C15: 双库发病风险关联 + 孟德尔随机化因果推断 | D15: 否 | E15: P1-高 | F15: 未开始 | G15: 需求确认 | H15: 徐彤 | L15: 0 | M15: 在双库发病流程基础上对接MR分析，输出IVW/MR-Egger结果、敏感性分析与因果方向判断 | N15: 工具变量筛选、人群重叠、水平多效性与方向性混淆需逐项核查
A16: B14 | B16: 复杂网络（心理） | C16: 心理量表/行为指标复杂网络构建与分析 | D16: 否 | E16: P2-中 | F16: 未开始 | G16: 需求确认 | H16: 徐彤 | L16: 0 | M16: 输出网络拓扑指标、节点中心性、社区结构与可视化图；支持 bootstrap 稳定性检验 | N16: 节点/边定义、缺失值处理与网络估计稳定性
A17: B15 | B17: CDC WONDER | C17: CDC WONDER 公开死亡率/发病率数据获取与趋势分析 | D17: 否 | E17: P2-中 | F17: 未开始 | G17: 需求确认 | H17: 徐彤 | L17: 0 | M17: 完成 WONDER 数据下载、编码清洗、分层率表与趋势/地图输出 | N17: 抓取/API 限制、ICD 编码口径变更与地域分层一致性
A18: B16 | B18: 发病轨迹（两年） | C18: 两年随访窗口内暴露/状态轨迹与发病结局关联 | D18: 是 | E18: P1-高 | F18: 未开始 | G18: 需求确认 | H18: 徐彤 | L18: 0 | M18: 识别2年窗口轨迹组别，关联发病/转化结局并输出轨迹图与组间比较 | N18: 随访时间点不齐、流失删失与窗口边界定义
A19: B17 | B19: 单数据库短时间transformer | C19: 单库短序列时序特征 Transformer 预测建模 | D19: 否 | E19: P2-中 | F19: 未开始 | G19: 需求确认 | H19: 徐彤 | L19: 0 | M19: 完成序列编码、Transformer 训练评估，输出 AUC/校准曲线与可复现 config | N19: 序列长度不一、算力需求与黑箱可解释性
A20: B18 | B20: 发病前后比较 | C20: 以 index date 为中心的发病前后指标/暴露变化比较 | D20: 否 | E20: P2-中 | F20: 未开始 | G20: 需求确认 | H20: 徐彤 | L20: 0 | M20: 定义 index date 与对称窗口，输出前后配对/重复测量比较与效应量 | N20: index date 定义主观性、前后窗口长度与混杂控制
A21: B19 | B21: 目标模拟临床试验 | C21: 目标试验模拟（TTE）/ 观察数据 emulate RCT | D21: 否 | E21: P1-高 | F21: 未开始 | G21: 需求确认 | H21: 徐彤 | L21: 0 | M21: 完成 eligibility、time-zero、treatment、outcome 方案定义并可复现主效应估计 | N21: immortal time bias、方案偏离真实试验与未测量混杂
A22: B20 | B22: 因果闭环（横断面研究+纵向数据分析） | C22: 横断面关联发现 + 纵向数据验证的因果闭环分析 | D22: 否 | E22: P2-中 | F22: 未开始 | G22: 需求确认 | H22: 徐彤 | L22: 0 | M22: 横断面→纵向两阶段结果一致报告，含路径检验与敏感性分析 | N22: 两阶段样本/测量口径不一致、时序方向难确认
A23: B21 | B23: 深度学习多个时间点 | C23: 多时间点重复测量数据的深度学习预测 | D23: 否 | E23: P2-中 | F23: 未开始 | G23: 需求确认 | H23: 徐彤 | L23: 0 | M23: 多时点特征融合模型训练完成，输出时序预测性能与变量贡献/SHAP | N23: 不规则采样、缺失时点多与过拟合风险
A24: B22 | B24: 竞争风险模型 | C24: 多结局竞争事件下的生存/发病分析 | D24: 否 | E24: P1-高 | F24: 未开始 | G24: 需求确认 | H24: 徐彤 | L24: 0 | M24: 输出累积发生率、Fine-Gray/CSH 结果与竞争风险曲线 | N24: 竞争事件定义、编码口径与删失处理
A25: B23 | B25: 多模态融合 | C25: 临床 + 影像/文本/检验等多模态数据融合建模 | D25: 否 | E25: P2-中 | F25: 未开始 | G25: 需求确认 | H25: 徐彤 | L25: 0 | M25: 完成模态对齐、融合模型训练与相对单模态增量价值评估 | N25: 模态缺失、样本对齐与维度灾难
A26: B24 | B26: 人工智能clinical summary | C26: LLM 生成/评估临床病例摘要与结构化总结 | D26: 否 | E26: P3-低 | F26: 未开始 | G26: 需求确认 | H26: 徐彤 | L26: 0 | M26: 输入脱敏病例→生成 summary，输出自动/人工评测指标与失败样例 | N26: 幻觉、隐私脱敏与评测标准不统一
... A32: B29 | B32: 复杂网络的网络温度 | C32: 复杂网络温度/动态网络稳定性指标与结局关联 | D32: 否 | E32: P3-低 | F32: 未开始 | G32: 需求确认 | H32: 徐彤 | L32: 0 | M32: 定义并计算网络温度指标，关联暴露/结局并输出可视化与敏感性分析 | N32: 指标定义文献依据、时间窗口选择与网络估计波动
A33: B29 | B33: 复杂网络的网络温度

Sheet 计划看板
A1: Block套路工作计划看板
A2: 自动汇总任务数量、完成率、逾期风险与本周重点；更新“工作计划总表”后看板会联动变化。
A4: 总任务数 | B4: =COUNTA(工作计划总表!B5:B100) -> 29 | D4: 已完成 | E4: =COUNTIF(工作计划总表!F5:F100,"已完成") -> 1 | G4: 平均进度 | H4: =AVERAGE(工作计划总表!L5:L100) -> 0.083333333 | J4: 逾期未完成 | K4: =COUNTIFS(工作计划总表!J5:J100,"<"&TODAY(),工作计划总表!F5:F100,"<>已完成",工作计划总表!B5:B100,"<>") -> 0
A7: P0/P1高优先级 | B7: =COUNTIF(工作计划总表!E5:E100,"P0-最高")+COUNTIF(工作计划总表!E5:E100,"P1-高") -> 7 | D7: 本周到期 | E7: =COUNTIFS(工作计划总表!J5:J100,">="&TODAY(),工作计划总表!J5:J100,"<="&TODAY()+7,工作计划总表!F5:F100,"<>已完成") -> 6 | G7: 已做Block | H7: =COUNTIF(工作计划总表!D5:D100,"是") -> 6 | J7: 未做Block | K7: =COUNTIF(工作计划总表!D5:D100,"否") -> 6
A11: 状态 | B11: 数量 | C11: 占比 | E11: 优先级 | F11: 数量 | G11: 占比
A12: 未开始 | B12: =COUNTIF(工作计划总表!F5:F100,A12) -> 11 | C12: =IF($B12=0,0,B12/$B$4) -> 0.37931034 | E12: P0-最高 | F12: =COUNTIF(工作计划总表!E5:E100,E12) -> 5 | G12: =IF($B$4=0,0,F12/$B$4) -> 0.17241379
A13: 需求确认 | B13: =COUNTIF(工作计划总表!F5:F100,A13) -> 0 | C13: =IF($B13=0,0,B13/$B$4) -> 0 | E13: P1-高 | F13: =COUNTIF(工作计划总表!E5:E100,E13) -> 2 | G13: =IF($B$4=0,0,F13/$B$4) -> 0.068965517
A14: 开发中 | B14: =COUNTIF(工作计划总表!F5:F100,A14) -> 0 | C14: =IF($B14=0,0,B14/$B$4) -> 0 | E14: P2-中 | F14: =COUNTIF(工作计划总表!E5:E100,E14) -> 3 | G14: =IF($B$4=0,0,F14/$B$4) -> 0.10344828
A15: 测试中 | B15: =COUNTIF(工作计划总表!F5:F100,A15) -> 0 | C15: =IF($B15=0,0,B15/$B$4) -> 0 | E15: P3-低 | F15: =COUNTIF(工作计划总表!E5:E100,E15) -> 2 | G15: =IF($B$4=0,0,F15/$B$4) -> 0.068965517
A16: 待复盘 | B16: =COUNTIF(工作计划总表!F5:F100,A16) -> 0 | C16: =IF($B16=0,0,B16/$B$4) -> 0
A17: 已完成 | B17: =COUNTIF(工作计划总表!F5:F100,A17) -> 1 | C17: =IF($B17=0,0,B17/$B$4) -> 0.034482759
A18: 暂停 | B18: =COUNTIF(工作计划总表!F5:F100,A18) -> 0 | C18: =IF($B18=0,0,B18/$B$4) -> 0
A21: 本周重点/高优先级任务（从总表挑选：优先处理P0/P1、临近到期、开发中/测试中）
A22: 模块 | B22: 优先级 | C22: 状态 | D22: 计划完成 | E22: 剩余天数 | F22: 下一步动作
A23: =工作计划总表!B5 -> 发病 | B23: =工作计划总表!E5 -> P0-最高 | C23: =工作计划总表!F5 -> 已完成 | D23: =工作计划总表!J5 -> 0 | E23: =工作计划总表!K5 -> 0 | F23: =工作计划总表!#REF! -> #REF!
A24: =工作计划总表!B6 -> 预后 | B24: =工作计划总表!E6 -> P0-最高 | C24: =工作计划总表!F6 -> 未开始 | D24: =工作计划总表!J6 -> 46196 | E24: =工作计划总表!K6 -> 1 | F24: =工作计划总表!#REF! -> #REF!
A25: =工作计划总表!B9 -> 无监督聚类（单库）加机器学习 | B25: =工作计划总表!E9 -> P0-最高 | C25: =工作计划总表!F9 -> 未开始 | D25: =工作计划总表!J9 -> 46198 | E25: =工作计划总表!K9 -> 3 | F25: =工作计划总表!#REF! -> #REF!
A26: =工作计划总表!B7 -> 预测 | B26: =工作计划总表!E7 -> P0-最高 | C26: =工作计划总表!F7 -> 未开始 | D26: =工作计划总表!J7 -> 46197 | E26: =工作计划总表!K7 -> 2 | F26: =工作计划总表!#REF! -> #REF!
A27: =工作计划总表!B11 -> 轨迹（预后） | B27: =工作计划总表!E11 -> P1-高 | C27: =工作计划总表!F11 -> 未开始 | D27: =工作计划总表!J11 -> 46202 | E27: =工作计划总表!K11 -> 7 | F27: =工作计划总表!#REF! -> #REF!
A28: =工作计划总表!B12 -> 轨迹（发病） | B28: =工作计划总表!E12 -> P1-高 | C28: =工作计划总表!F12 -> 未开始 | D28: =工作计划总表!J12 -> 46203 | E28: =工作计划总表!K12 -> 8 | F28: =工作计划总表!#REF! -> #REF!

Sheet 里程碑甘特图
A1: 里程碑甘特图：按周查看每个Block的计划周期
A2: 说明：灰色圆点表示该任务计划在对应周内推进；日期来自“工作计划总表”。
G3: 46190 | H3: 46197 | I3: 46204 | J3: 46211 | K3: 46218 | L3: 46225 | M3: 46232 | N3: 46239
A4: 编号 | B4: 工作模块 | C4: 计划开始 | D4: 计划完成 | E4: 状态 | F4: 优先级 | G4: 第1周 | H4: 第2周 | I4: 第3周 | J4: 第4周 | K4: 第5周 | L4: 第6周 | M4: 第7周 | N4: 第8周
A5: =工作计划总表!A5 -> B01 | B5: =工作计划总表!B5 -> 发病 | C5: =工作计划总表!I5 -> 0 | D5: =工作计划总表!J5 -> 0 | E5: =工作计划总表!F5 -> 已完成 | F5: =工作计划总表!E5 -> P0-最高 | G5: =IF(AND($C5<=G$3+6,$D5>=G$3),"●","") | H5: =IF(AND($C5<=H$3+6,$D5>=H$3),"●","") | I5: =IF(AND($C5<=I$3+6,$D5>=I$3),"●","") | J5: =IF(AND($C5<=J$3+6,$D5>=J$3),"●","") | K5: =IF(AND($C5<=K$3+6,$D5>=K$3),"●","") | L5: =IF(AND($C5<=L$3+6,$D5>=L$3),"●","") | M5: =IF(AND($C5<=M$3+6,$D5>=M$3),"●","") | N5: =IF(AND($C5<=N$3+6,$D5>=N$3),"●","")
A6: =工作计划总表!A6 -> B02 | B6: =工作计划总表!B6 -> 预后 | C6: =工作计划总表!I6 -> 46196 | D6: =工作计划总表!J6 -> 46196 | E6: =工作计划总表!F6 -> 未开始 | F6: =工作计划总表!E6 -> P0-最高 | G6: =IF(AND($C6<=G$3+6,$D6>=G$3),"●","") -> ● | H6: =IF(AND($C6<=H$3+6,$D6>=H$3),"●","") | I6: =IF(AND($C6<=I$3+6,$D6>=I$3),"●","") | J6: =IF(AND($C6<=J$3+6,$D6>=J$3),"●","") | K6: =IF(AND($C6<=K$3+6,$D6>=K$3),"●","") | L6: =IF(AND($C6<=L$3+6,$D6>=L$3),"●","") | M6: =IF(AND($C6<=M$3+6,$D6>=M$3),"●","") | N6: =IF(AND($C6<=N$3+6,$D6>=N$3),"●","")
A7: =工作计划总表!A7 -> B03 | B7: =工作计划总表!B7 -> 预测 | C7: =工作计划总表!I7 -> 46197 | D7: =工作计划总表!J7 -> 46197 | E7: =工作计划总表!F7 -> 未开始 | F7: =工作计划总表!E7 -> P0-最高 | G7: =IF(AND($C7<=G$3+6,$D7>=G$3),"●","") | H7: =IF(AND($C7<=H$3+6,$D7>=H$3),"●","") -> ● | I7: =IF(AND($C7<=I$3+6,$D7>=I$3),"●","") | J7: =IF(AND($C7<=J$3+6,$D7>=J$3),"●","") | K7: =IF(AND($C7<=K$3+6,$D7>=K$3),"●","") | L7: =IF(AND($C7<=L$3+6,$D7>=L$3),"●","") | M7: =IF(AND($C7<=M$3+6,$D7>=M$3),"●","") | N7: =IF(AND($C7<=N$3+6,$D7>=N$3),"●","")
A8: =工作计划总表!A8 -> B04 | B8: =工作计划总表!B8 -> 环境 | C8: =工作计划总表!I8 -> 46195 | D8: =工作计划总表!J8 -> 46195 | E8: =工作计划总表!F8 -> 未开始 | F8: =工作计划总表!E8 -> P0-最高 | G8: =IF(AND($C8<=G$3+6,$D8>=G$3),"●","") -> ● | H8: =IF(AND($C8<=H$3+6,$D8>=H$3),"●","") | I8: =IF(AND($C8<=I$3+6,$D8>=I$3),"●","") | J8: =IF(AND($C8<=J$3+6,$D8>=J$3),"●","") | K8: =IF(AND($C8<=K$3+6,$D8>=K$3),"●","") | L8: =IF(AND($C8<=L$3+6,$D8>=L$3),"●","") | M8: =IF(AND($C8<=M$3+6,$D8>=M$3),"●","") | N8: =IF(AND($C8<=N$3+6,$D8>=N$3),"●","")
A9: =工作计划总表!A9 -> B05 | B9: =工作计划总表!B9 -> 无监督聚类（单库）加机器学习 | C9: =工作计划总表!I9 -> 46198 | D9: =工作计划总表!J9 -> 46198 | E9: =工作计划总表!F9 -> 未开始 | F9: =工作计划总表!E9 -> P0-最高 | G9: =IF(AND($C9<=G$3+6,$D9>=G$3),"●","") | H9: =IF(AND($C9<=H$3+6,$D9>=H$3),"●","") -> ● | I9: =IF(AND($C9<=I$3+6,$D9>=I$3),"●","") | J9: =IF(AND($C9<=J$3+6,$D9>=J$3),"●","") | K9: =IF(AND($C9<=K$3+6,$D9>=K$3),"●","") | L9: =IF(AND($C9<=L$3+6,$D9>=L$3),"●","") | M9: =IF(AND($C9<=M$3+6,$D9>=M$3),"●","") | N9: =IF(AND($C9<=N$3+6,$D9>=N$3),"●","")
A10: =工作计划总表!A10 -> B06 | B10: =工作计划总表!B10 -> 交叉滞后 | C10: =工作计划总表!I10 -> 0 | D10: =工作计划总表!J10 -> 46199 | E10: =工作计划总表!F10 -> 未开始 | F10: =工作计划总表!E10 -> P2-中 | G10: =IF(AND($C10<=G$3+6,$D10>=G$3),"●","") -> ● | H10: =IF(AND($C10<=H$3+6,$D10>=H$3),"●","") -> ● | I10: =IF(AND($C10<=I$3+6,$D10>=I$3),"●","") | J10: =IF(AND($C10<=J$3+6,$D10>=J$3),"●","") | K10: =IF(AND($C10<=K$3+6,$D10>=K$3),"●","") | L10: =IF(AND($C10<=L$3+6,$D10>=L$3),"●","") | M10: =IF(AND($C10<=M$3+6,$D10>=M$3),"●","") | N10: =IF(AND($C10<=N$3+6,$D10>=N$3),"●","")
A11: =工作计划总表!A11 -> B07 | B11: =工作计划总表!B11 -> 轨迹（预后） | C11: =工作计划总表!I11 -> 0 | D11: =工作计划总表!J11 -> 46202 | E11: =工作计划总表!F11 -> 未开始 | F11: =工作计划总表!E11 -> P1-高 | G11: =IF(AND($C11<=G$3+6,$D11>=G$3),"●","") -> ● | H11: =IF(AND($C11<=H$3+6,$D11>=H$3),"●","") -> ● | I11: =IF(AND($C11<=I$3+6,$D11>=I$3),"●","") | J11: =IF(AND($C11<=J$3+6,$D11>=J$3),"●","") | K11: =IF(AND($C11<=K$3+6,$D11>=K$3),"●","") | L11: =IF(AND($C11<=L$3+6,$D11>=L$3),"●","") | M11: =IF(AND($C11<=M$3+6,$D11>=M$3),"●","") | N11: =IF(AND($C11<=N$3+6,$D11>=N$3),"●","")
A12: =工作计划总表!A12 -> B08 | B12: =工作计划总表!B12 -> 轨迹（发病） | C12: =工作计划总表!I12 -> 0 | D12: =工作计划总表!J12 -> 46203 | E12: =工作计划总表!F12 -> 未开始 | F12: =工作计划总表!E12 -> P1-高 | G12: =IF(AND($C12<=G$3+6,$D12>=G$3),"●","") -> ● | H12: =IF(AND($C12<=H$3+6,$D12>=H$3),"●","") -> ● | I12: =IF(AND($C12<=I$3+6,$D12>=I$3),"●","") | J12: =IF(AND($C12<=J$3+6,$D12>=J$3),"●","") | K12: =IF(AND($C12<=K$3+6,$D12>=K$3),"●","") | L12: =IF(AND($C12<=L$3+6,$D12>=L$3),"●","") | M12: =IF(AND($C12<=M$3+6,$D12>=M$3),"●","") | N12: =IF(AND($C12<=N$3+6,$D12>=N$3),"●","")
A13: =工作计划总表!A13 -> B09 | B13: =工作计划总表!B13 -> 不同用药方案 | C13: =工作计划总表!I13 -> 0 | D13: =工作计划总表!J13 -> 46204 | E13: =工作计划总表!F13 -> 未开始 | F13: =工作计划总表!E13 -> P2-中 | G13: =IF(AND($C13<=G$3+6,$D13>=G$3),"●","") -> ● | H13: =IF(AND($C13<=H$3+6,$D13>=H$3),"●","") -> ● | I13: =IF(AND($C13<=I$3+6,$D13>=I$3),"●","") -> ● | J13: =IF(AND($C13<=J$3+6,$D13>=J$3),"●","") | K13: =IF(AND($C13<=K$3+6,$D13>=K$3),"●","") | L13: =IF(AND($C13<=L$3+6,$D13>=L$3),"●","") | M13: =IF(AND($C13<=M$3+6,$D13>=M$3),"●","") | N13: =IF(AND($C13<=N$3+6,$D13>=N$3),"●","")
A14: =工作计划总表!A14 -> B10 | B14: =工作计划总表!B14 -> 多病叠加 | C14: =工作计划总表!I14 -> 0 | D14: =工作计划总表!J14 -> 46205 | E14: =工作计划总表!F14 -> 未开始 | F14: =工作计划总表!E14 -> P2-中 | G14: =IF(AND($C14<=G$3+6,$D14>=G$3),"●","") -> ● | H14: =IF(AND($C14<=H$3+6,$D14>=H$3),"●","") -> ● | I14: =IF(AND($C14<=I$3+6,$D14>=I$3),"●","") -> ● | J14: =IF(AND($C14<=J$3+6,$D14>=J$3),"●","") | K14: =IF(AND($C14<=K$3+6,$D14>=K$3),"●","") | L14: =IF(AND($C14<=L$3+6,$D14>=L$3),"●","") | M14: =IF(AND($C14<=M$3+6,$D14>=M$3),"●","") | N14: =IF(AND($C14<=N$3+6,$D14>=N$3),"●","")
A15: =工作计划总表!A15 -> B11 | B15: =工作计划总表!B15 -> 多状态马尔可夫 | C15: =工作计划总表!I15 -> 0 | D15: =工作计划总表!J15 -> 46206 | E15: =工作计划总表!F15 -> 未开始 | F15: =工作计划总表!E15 -> P3-低 | G15: =IF(AND($C15<=G$3+6,$D15>=G$3),"●","") -> ● | H15: =IF(AND($C15<=H$3+6,$D15>=H$3),"●","") -> ● | I15: =IF(AND($C15<=I$3+6,$D15>=I$3),"●","") -> ● | J15: =IF(AND($C15<=J$3+6,$D15>=J$3),"●","") | K15: =IF(AND($C15<=K$3+6,$D15>=K$3),"●","") | L15: =IF(AND($C15<=L$3+6,$D15>=L$3),"●","") | M15: =IF(AND($C15<=M$3+6,$D15>=M$3),"●","") | N15: =IF(AND($C15<=N$3+6,$D15>=N$3),"●","")
A16: =工作计划总表!A16 -> B12 | B16: =工作计划总表!B16 -> 动态因果 | C16: =工作计划总表!I16 -> 0 | D16: =工作计划总表!J16 -> 46209 | E16: =工作计划总表!F16 -> 未开始 | F16: =工作计划总表!E16 -> P3-低 | G16: =IF(AND($C16<=G$3+6,$D16>=G$3),"●","") -> ● | H16: =IF(AND($C16<=H$3+6,$D16>=H$3),"●","") -> ● | I16: =IF(AND($C16<=I$3+6,$D16>=I$3),"●","") -> ● | J16: =IF(AND($C16<=J$3+6,$D16>=J$3),"●","") | K16: =IF(AND($C16<=K$3+6,$D16>=K$3),"●","") | L16: =IF(AND($C16<=L$3+6,$D16>=L$3),"●","") | M16: =IF(AND($C16<=M$3+6,$D16>=M$3),"●","") | N16: =IF(AND($C16<=N$3+6,$D16>=N$3),"●","")

Sheet 字段字典
A1: 字段字典与使用说明 | H1: Block开发流程建议
A3: 字段/模块 | B3: 建议填写方式 | C3: 用途 | D3: 示例 | E3: 是否必填 | F3: 备注 | H3: 步骤 | I3: 动作 | J3: 输出物 | K3: 检查点 | L3: 负责人 | M3: 完成
A4: 优先级 | B4: P0-最高 / P1-高 / P2-中 / P3-低 | C4: 帮助安排开发顺序 | D4: P0-最高 | E4: 是 | F4: P0建议先做成可复用Block | H4: 1 | I4: 确认研究场景与适用边界 | J4: 方法卡/适用场景说明 | K4: 是否能说明“什么时候该用/不该用” | L4: 我 | M4: □
A5: 状态 | B5: 未开始 / 需求确认 / 开发中 / 测试中 / 待复盘 / 已完成 / 暂停 | C5: 追踪推进状态 | D5: 开发中 | E5: 是 | F5: 状态会自动映射进度 | H5: 2 | I5: 整理输入数据字段 | J5: 字段清单/示例数据 | K5: 字段名、类型、缺失规则是否明确 | L5: 我 | M5: □
A6: 当前阶段 | B6: 需求确认 / 方案拆解 / Block标准化 / 质量检查 / 资料储备 / 复盘归档 | C6: 明确当前任务属于哪一步 | D6: Block标准化 | E6: 是 | F6: 可用于周报汇报 | H6: 3 | I6: 拆成block参数 | J6: config模板 | K6: 是否只保留可配置项，不写死路径 | L6: 我 | M6: □
A7: 计划开始/完成 | B7: 日期格式 yyyy-mm-dd | C7: 生成剩余天数和甘特图 | D7: 2026-06-17 | E7: 是 | F7: 完成时间要具体到日期 | H7: 4 | I7: 开发最小可运行Demo | J7: block脚本+run入口 | K7: 是否能从示例数据跑通 | L7: 我 | M7: □
A8: 本周/下一步动作 | B8: 写清楚最小可执行动作 | C8: 避免计划空泛 | D8: 补齐输入字段与示例数据 | E8: 是 | F8: 一句话即可，但必须可执行 | H8: 5 | I8: 补充质量检查与异常提示 | J8: QC报告/log | K8: 错误信息是否能指导用户修正 | L8: 我 | M8: □
A9: 关键交付物 | B9: 该任务完成后应留下什么文件/模板 | C9: 验收与沉淀 | D9: config模板、block脚本、结果表 | E9: 是 | F9: 建议用文件名或对象名 | H9: 6 | I9: 输出结果表与图 | J9: 结果表/图/报告模板 | K9: 图表是否可直接用于论文或汇报 | L9: 我 | M9: □
A10: 输入数据/前置条件 | B10: 模型或block运行前必须准备什么 | C10: 减少返工 | D10: ID、暴露、结局、协变量 | E10: 是 | F10: 可直接变成README | H10: 7 | I10: 复盘归档 | J10: README/版本记录 | K10: 是否能被下一个项目复用 | L10: 我 | M10: □
A11: 验收标准 | B11: 完成后如何判断可用 | C11: 避免只写“完成开发” | D11: 一键输出结果表和图，报错有提示 | E11: 是 | F11: 尽量可测试
A12: 风险/卡点 | B12: 可能导致延迟的问题 | C12: 提前暴露问题 | D12: 时间变量和删失逻辑混乱 | E12: 否 | F12: 周复盘重点看这里

Sheet 原始记录
A1: 原始记录：保留上传文件中的原始4列，便于对照
A3: 套路 | B3: 是否已做block | C3: 计划完成时间 | D3: 优先级
A4: 发病 | B4: 是 | C4: 几天这种的
A5: 预后 | B5: 是
A6: 预测 | B6: 是
A7: 环境 | B7: 否
A8: 无监督聚类 | B8: 是
A9: 交叉滞后 | B9: 否
A10: 轨迹（预后） | B10: 是
A11: 轨迹（发病） | B11: 是
A12: 不同用药方案 | B12: 否
A13: 多病叠加 | B13: 否
A14: 多状态马尔可夫 | B14: 否
A15: 动态因果 | B15: 否

Sheet Block交付清单
A1: Block交付清单：把每个套路沉淀为可复用资产
A2: 每完成一个套路，不只看“代码是否能跑”，还要检查config、示例数据、输出图表、README、测试记录是否齐全。
A4: 编号 | B4: 工作模块 | C4: 建议Block键名 | D4: 脚本/函数命名 | E4: Config键名 | F4: 示例数据 | G4: 结果输出 | H4: README | I4: 测试状态 | J4: 版本号 | K4: 备注
A5: B01 | B5: 发病 | C5: incidence_block | D5: R/block_incidence.R | E5: incidence | F5: □ | G5: □ | H5: □ | I5: 测试中 | J5: v0.1
A6: B02 | B6: 预后 | C6: prognosis_block | D6: R/block_prognosis.R | E6: prognosis | F6: □ | G6: □ | H6: □ | I6: 测试中 | J6: v0.1
A7: B03 | B7: 预测 | C7: prediction_block | D7: R/block_prediction.R | E7: prediction | F7: □ | G7: □ | H7: □ | I7: 待更新 | J7: v0.1
A8: B04 | B8: 环境 | C8: environment_exposure_block | D8: R/block_environment_exposure.R | E8: environment_exposure | F8: □ | G8: □ | H8: □ | I8: 需补齐 | J8: v0.1
A9: B05 | B9: 无监督聚类 | C9: clustering_block | D9: R/block_clustering.R | E9: clustering | F9: □ | G9: □ | H9: □ | I9: 测试中 | J9: v0.1
A10: B06 | B10: 交叉滞后 | C10: cross_lagged_block | D10: R/block_cross_lagged.R | E10: cross_lagged | F10: □ | G10: □ | H10: □ | I10: 需补齐 | J10: v0.1
A11: B07 | B11: 轨迹（预后） | C11: prognosis_trajectory_block | D11: R/block_prognosis_trajectory.R | E11: prognosis_trajectory | F11: □ | G11: □ | H11: □ | I11: 测试中 | J11: v0.1
A12: B08 | B12: 轨迹（发病） | C12: incidence_trajectory_block | D12: R/block_incidence_trajectory.R | E12: incidence_trajectory | F12: □ | G12: □ | H12: □ | I12: 待更新 | J12: v0.1
A13: B09 | B13: 不同用药方案 | C13: treatment_strategy_block | D13: R/block_treatment_strategy.R | E13: treatment_strategy | F13: □ | G13: □ | H13: □ | I13: 需补齐 | J13: v0.1
A14: B10 | B14: 多病叠加 | C14: multimorbidity_block | D14: R/block_multimorbidity.R | E14: multimorbidity | F14: □ | G14: □ | H14: □ | I14: 需补齐 | J14: v0.1
A15: B11 | B15: 多状态马尔可夫 | C15: multistate_markov_block | D15: R/block_multistate_markov.R | E15: multistate_markov | F15: □ | G15: □ | H15: □ | I15: 需补齐 | J15: v0.1
A16: B12 | B16: 动态因果 | C16: dynamic_causal_block | D16: R/block_dynamic_causal.R | E16: dynamic_causal | F16: □ | G16: □ | H16: □ | I16: 需补齐 | J16: v0.1

Sheet 周复盘
A1: 周复盘：每周检查推进、卡点与下周动作
A2: 建议每周五更新一次：只写事实、问题、下一步，不写空泛总结。
A4: 周次 | B4: 周期开始 | C4: 周期结束 | D4: 本周目标 | E4: 计划完成任务 | F4: 实际完成 | G4: 完成率 | H4: 主要卡点 | I4: 下周动作 | J4: 备注
A5: 第1周 | B5: 46190 | C5: 46196 | D5: 先把已做Block统一标准：发病、预后、无监督聚类 | G5: =IF(E5=0,"",F5/E5)
A6: 第2周 | B6: 46197 | C6: 46203 | D6: 完成预测Block方案与环境暴露Block需求 | G6: =IF(E6=0,"",F6/E6)
A7: 第3周 | B7: 46204 | C7: 46210 | D7: 推进轨迹类Block标准化 | G7: =IF(E7=0,"",F7/E7)
A8: 第4周 | B8: 46211 | C8: 46217 | D8: 补齐交叉滞后与用药方案方法卡 | G8: =IF(E8=0,"",F8/E8)
A9: 第5周 | B9: 46218 | C9: 46224 | D9: 沉淀多病叠加共病清单与输出模板 | G9: =IF(E9=0,"",F9/E9)
A10: 第6周 | B10: 46225 | C10: 46231 | D10: 准备多状态马尔可夫最小Demo | G10: =IF(E10=0,"",F10/E10)
A11: 第7周 | B11: 46232 | C11: 46238 | D11: 整理动态因果方法边界和Demo | G11: =IF(E11=0,"",F11/E11)
A12: 第8周 | B12: 46239 | C12: 46245 | D12: 总复盘：归档README、示例数据、测试记录 | G12: =IF(E12=0,"",F12/E12)
